member_id,architecture,state,label,bin_index,count,probability_minimum,probability_maximum,mean_probability,event_rate
resnet1d-seed2026,resnet1d,raw,NORM,0,144,5.6027964061459398e-09,0.00021654404989510323,7.5979193041497879e-05,0
resnet1d-seed2026,resnet1d,raw,NORM,1,144,0.00021654404989510323,0.0010649626720559452,0.00054848009652065817,0
resnet1d-seed2026,resnet1d,raw,NORM,2,144,0.0010649626720559452,0.0035936025814200896,0.0021714483153576591,0
resnet1d-seed2026,resnet1d,raw,NORM,3,144,0.0035936025814200896,0.012053779516236447,0.006697494614779656,0.0069444444444444441
resnet1d-seed2026,resnet1d,raw,NORM,4,144,0.012053779516236447,0.044018649862946381,0.025143218926832616,0.041666666666666664
resnet1d-seed2026,resnet1d,raw,NORM,5,144,0.044018649862946381,0.15102780199255098,0.090707284732312238,0.13194444444444445
resnet1d-seed2026,resnet1d,raw,NORM,6,144,0.15203224162217424,0.35131106427318937,0.24407393817354844,0.2361111111111111
resnet1d-seed2026,resnet1d,raw,NORM,7,144,0.35309352890368739,0.61601226214349936,0.5012963819241536,0.40277777777777779
resnet1d-seed2026,resnet1d,raw,NORM,8,144,0.61601226214349936,0.78793119564289471,0.70777732100545721,0.60416666666666663
resnet1d-seed2026,resnet1d,raw,NORM,9,144,0.78793119564289471,0.88079707797788231,0.8426105788921624,0.73611111111111116
resnet1d-seed2026,resnet1d,raw,NORM,10,144,0.88079707797788231,0.93991334982599239,0.91341556684071934,0.81944444444444442
resnet1d-seed2026,resnet1d,raw,NORM,11,144,0.94078974925871406,0.97023990605403565,0.95699752467340593,0.86111111111111116
resnet1d-seed2026,resnet1d,raw,NORM,12,144,0.97068776924864364,0.98636316471857011,0.979056265504608,0.90972222222222221
resnet1d-seed2026,resnet1d,raw,NORM,13,143,0.98677717824769484,0.99461506203822214,0.99114111904023794,0.95104895104895104
resnet1d-seed2026,resnet1d,raw,NORM,14,143,0.99461506203822214,0.99976949327800679,0.99714452386941566,1
resnet1d-seed2026,resnet1d,raw,MI,0,144,1.2219076020491005e-05,0.00068785115505524605,0.00034392797169944742,0
resnet1d-seed2026,resnet1d,raw,MI,1,144,0.00070967039910058822,0.0018102110262026487,0.0011899092725937953,0.0069444444444444441
resnet1d-seed2026,resnet1d,raw,MI,2,144,0.0018102110262026487,0.0035936025814200896,0.0025663761274800911,0.013888888888888888
resnet1d-seed2026,resnet1d,raw,MI,3,144,0.0035936025814200896,0.0069038380712218772,0.005053333235233869,0.0069444444444444441
resnet1d-seed2026,resnet1d,raw,MI,4,144,0.0069038380712218772,0.012431650853185818,0.0094869857244537937,0.034722222222222224
resnet1d-seed2026,resnet1d,raw,MI,5,144,0.012431650853185818,0.02194825371486785,0.016944778552100043,0.055555555555555552
resnet1d-seed2026,resnet1d,raw,MI,6,144,0.02194825371486785,0.038466192018324283,0.029664166739072843,0.041666666666666664
resnet1d-seed2026,resnet1d,raw,MI,7,144,0.038466192018324283,0.067546691139629106,0.052000286131007906,0.1111111111111111
resnet1d-seed2026,resnet1d,raw,MI,8,144,0.067546691139629106,0.12085323249047067,0.094276773715909201,0.097222222222222224
resnet1d-seed2026,resnet1d,raw,MI,9,144,0.12252321251815919,0.20434189993684582,0.15813974284582771,0.2361111111111111
resnet1d-seed2026,resnet1d,raw,MI,10,144,0.20817892905742005,0.36026394128130435,0.28102579588173832,0.30555555555555558
resnet1d-seed2026,resnet1d,raw,MI,11,144,0.36116472023432078,0.58367803970698262,0.46756850762862978,0.54166666666666663
resnet1d-seed2026,resnet1d,raw,MI,12,144,0.58367803970698262,0.82446192637657068,0.70319425328955687,0.63888888888888884
resnet1d-seed2026,resnet1d,raw,MI,13,143,0.82446192637657068,0.95598135013705365,0.89867265262915352,0.79020979020979021
resnet1d-seed2026,resnet1d,raw,MI,14,143,0.95727780245350946,0.99995167436181276,0.98506451726019617,0.95104895104895104
resnet1d-seed2026,resnet1d,raw,STTC,0,144,5.7719200301633196e-06,0.00039204178923762809,0.00018907180240031781,0
resnet1d-seed2026,resnet1d,raw,STTC,1,144,0.00039204178923762809,0.0012065897122463891,0.00074732484680094713,0
resnet1d-seed2026,resnet1d,raw,STTC,2,144,0.0012065897122463891,0.002323162522631283,0.0017324727863639426,0
resnet1d-seed2026,resnet1d,raw,STTC,3,144,0.0023967308701289603,0.0041987952714718675,0.0032305934421927194,0.013888888888888888
resnet1d-seed2026,resnet1d,raw,STTC,4,144,0.0041987952714718675,0.007577241267860811,0.0057661481194054799,0.020833333333333332
resnet1d-seed2026,resnet1d,raw,STTC,5,144,0.007577241267860811,0.013636835281429876,0.010497964136376626,0.041666666666666664
resnet1d-seed2026,resnet1d,raw,STTC,6,144,0.013636835281429876,0.028007520605988129,0.020492397627513769,0.055555555555555552
resnet1d-seed2026,resnet1d,raw,STTC,7,144,0.028007520605988129,0.055005288293454149,0.040259027557792447,0.083333333333333329
resnet1d-seed2026,resnet1d,raw,STTC,8,144,0.05582314113461443,0.10374862686637971,0.078574634673406363,0.097222222222222224
resnet1d-seed2026,resnet1d,raw,STTC,9,144,0.10374862686637971,0.18952109132967757,0.14312861460231791,0.125
resnet1d-seed2026,resnet1d,raw,STTC,10,144,0.18952109132967757,0.36116472023432078,0.2651265425362197,0.27777777777777779
resnet1d-seed2026,resnet1d,raw,STTC,11,144,0.36116472023432078,0.59596293939880918,0.47837454815576752,0.4861111111111111
resnet1d-seed2026,resnet1d,raw,STTC,12,144,0.59596293939880918,0.80806721355276323,0.70817036222093876,0.6875
resnet1d-seed2026,resnet1d,raw,STTC,13,143,0.8092759746879663,0.93439516254093058,0.8758371851623743,0.81118881118881114
resnet1d-seed2026,resnet1d,raw,STTC,14,143,0.93439516254093058,0.99914409936325488,0.97154101614312871,0.93006993006993011
resnet1d-seed2026,resnet1d,raw,CD,0,144,4.2647468185579125e-05,0.0023967308701289603,0.0013529679782568599,0.027777777777777776
resnet1d-seed2026,resnet1d,raw,CD,1,144,0.0023967308701289603,0.0047551999098330473,0.0035334914622477199,0.013888888888888888
resnet1d-seed2026,resnet1d,raw,CD,2,144,0.0047551999098330473,0.007577241267860811,0.0061328537827026706,0.0069444444444444441
resnet1d-seed2026,resnet1d,raw,CD,3,144,0.007577241267860811,0.012053779516236447,0.0096486825569137378,0.013888888888888888
resnet1d-seed2026,resnet1d,raw,CD,4,144,0.012053779516236447,0.016914913266726509,0.014428364204646653,0.0625
resnet1d-seed2026,resnet1d,raw,CD,5,144,0.016914913266726509,0.024053552894426178,0.020112207728918436,0.041666666666666664
resnet1d-seed2026,resnet1d,raw,CD,6,144,0.024053552894426178,0.035144846400793267,0.029099513605635476,0.048611111111111112
resnet1d-seed2026,resnet1d,raw,CD,7,144,0.035678550877730524,0.051082736957052489,0.042612653631235536,0.11805555555555555
resnet1d-seed2026,resnet1d,raw,CD,8,144,0.051845466649779827,0.07585818002124356,0.061924408720977896,0.041666666666666664
resnet1d-seed2026,resnet1d,raw,CD,9,144,0.07585818002124356,0.11920292202211755,0.096427090050617462,0.125
resnet1d-seed2026,resnet1d,raw,CD,10,144,0.1200256277543614,0.21076630631977089,0.16052265171268904,0.18055555555555555
resnet1d-seed2026,resnet1d,raw,CD,11,144,0.21076630631977089,0.39326850456398726,0.28674759027049801,0.34027777777777779
resnet1d-seed2026,resnet1d,raw,CD,12,144,0.39326850456398726,0.73411952690018301,0.56533352903987377,0.59722222222222221
resnet1d-seed2026,resnet1d,raw,CD,13,143,0.7416740114308128,0.9711290930537122,0.87773879094766671,0.84615384615384615
resnet1d-seed2026,resnet1d,raw,CD,14,143,0.97199247939401179,0.99998921668777696,0.99331352516683924,0.99300699300699302
resnet1d-seed2026,resnet1d,raw,HYP,0,144,8.9396963047991674e-06,0.00026119031909571942,0.0001289381989423194,0
resnet1d-seed2026,resnet1d,raw,HYP,1,144,0.00026119031909571942,0.00060707558044150963,0.00043220999262016664,0.013888888888888888
resnet1d-seed2026,resnet1d,raw,HYP,2,144,0.00060707558044150963,0.0011695102650555148,0.00086536852853581704,0.0069444444444444441
resnet1d-seed2026,resnet1d,raw,HYP,3,144,0.0011695102650555148,0.0019267346633274755,0.0015575954022364743,0.0069444444444444441
resnet1d-seed2026,resnet1d,raw,HYP,4,144,0.0019267346633274755,0.0031726828424851893,0.0024937052140252699,0
resnet1d-seed2026,resnet1d,raw,HYP,5,144,0.0031726828424851893,0.0049054057057220353,0.0039919962459297343,0.020833333333333332
resnet1d-seed2026,resnet1d,raw,HYP,6,144,0.0049054057057220353,0.0073458265744770612,0.0060955035984413203,0.020833333333333332
resnet1d-seed2026,resnet1d,raw,HYP,7,144,0.0073458265744770612,0.011331753531361453,0.0092700422754788646,0.034722222222222224
resnet1d-seed2026,resnet1d,raw,HYP,8,144,0.011331753531361453,0.019124036750888904,0.014959958521020118,0.041666666666666664
resnet1d-seed2026,resnet1d,raw,HYP,9,144,0.019124036750888904,0.03161876726864548,0.024991524322269407,0.069444444444444448
resnet1d-seed2026,resnet1d,raw,HYP,10,144,0.03161876726864548,0.058345840611681063,0.044653583462357455,0.0625
resnet1d-seed2026,resnet1d,raw,HYP,11,144,0.058345840611681063,0.10818895456207035,0.079250494073594302,0.16666666666666666
resnet1d-seed2026,resnet1d,raw,HYP,12,144,0.10970577387797074,0.23934934732271168,0.16465542214880513,0.22222222222222221
resnet1d-seed2026,resnet1d,raw,HYP,13,143,0.23934934732271168,0.57797184461135009,0.38636112784588572,0.41258741258741261
resnet1d-seed2026,resnet1d,raw,HYP,14,143,0.57797184461135009,0.99998526101802543,0.82739579723933077,0.74825174825174823
resnet1d-seed2026,resnet1d,calibrated,NORM,0,144,7.2336202179271115e-07,0.0018717835111334716,0.00078254818330709519,0
resnet1d-seed2026,resnet1d,calibrated,NORM,1,144,0.0018717835111334716,0.006102360445415604,0.003670112759892089,0
resnet1d-seed2026,resnet1d,calibrated,NORM,2,144,0.006102360445415604,0.014979300947682142,0.010206731353301766,0
resnet1d-seed2026,resnet1d,calibrated,NORM,3,144,0.014979300947682142,0.036297697610801365,0.023362391174227757,0.0069444444444444441
resnet1d-seed2026,resnet1d,calibrated,NORM,4,144,0.036297697610801365,0.091898739467882698,0.060805187288111254,0.041666666666666664
resnet1d-seed2026,resnet1d,calibrated,NORM,5,144,0.091898739467882698,0.21672282331374143,0.15050546261820713,0.13194444444444445
resnet1d-seed2026,resnet1d,calibrated,NORM,6,144,0.21771137818368563,0.38784267115323473,0.29945206542350067,0.2361111111111111
resnet1d-seed2026,resnet1d,calibrated,NORM,7,144,0.38922390349184977,0.58703939244789893,0.50092282450870851,0.40277777777777779
resnet1d-seed2026,resnet1d,calibrated,NORM,8,144,0.58703939244789893,0.72645924899405512,0.65964607821896781,0.60416666666666663
resnet1d-seed2026,resnet1d,calibrated,NORM,9,144,0.72645924899405512,0.81583096658529997,0.77778204268463169,0.73611111111111116
resnet1d-seed2026,resnet1d,calibrated,NORM,10,144,0.81583096658529997,0.88559202973190465,0.85307732607568543,0.81944444444444442
resnet1d-seed2026,resnet1d,calibrated,NORM,11,144,0.88676486847344649,0.93040908388721144,0.90999304787970159,0.86111111111111116
resnet1d-seed2026,resnet1d,calibrated,NORM,12,144,0.93115820074370526,0.96030425048911039,0.94617758840676047,0.90972222222222221
resnet1d-seed2026,resnet1d,calibrated,NORM,13,143,0.961181322541516,0.97983965929926931,0.97120194003008786,0.95104895104895104
resnet1d-seed2026,resnet1d,calibrated,NORM,14,143,0.97983965929926931,0.99803927627646538,0.98769328349575802,1
resnet1d-seed2026,resnet1d,calibrated,MI,0,144,0.00022069730704168313,0.0044140631591503485,0.0025553868591323427,0
resnet1d-seed2026,resnet1d,calibrated,MI,1,144,0.0045174482424074295,0.0090346287934829073,0.0065785719031821515,0.0069444444444444441
resnet1d-seed2026,resnet1d,calibrated,MI,2,144,0.0090346287934829073,0.014979300947682142,0.011644130802112095,0.013888888888888888
resnet1d-seed2026,resnet1d,calibrated,MI,3,144,0.014979300947682142,0.024182945914480891,0.01917608340398308,0.0069444444444444441
resnet1d-seed2026,resnet1d,calibrated,MI,4,144,0.024182945914480891,0.037120010175499388,0.030418811506532646,0.034722222222222224
resnet1d-seed2026,resnet1d,calibrated,MI,5,144,0.037120010175499388,0.055959254128987362,0.046314902816223427,0.055555555555555552
resnet1d-seed2026,resnet1d,calibrated,MI,6,144,0.055959254128987362,0.083530388221431259,0.069222733710351231,0.041666666666666664
resnet1d-seed2026,resnet1d,calibrated,MI,7,144,0.083530388221431259,0.1241761830259034,0.10307431325384971,0.1111111111111111
resnet1d-seed2026,resnet1d,calibrated,MI,8,144,0.1241761830259034,0.18592253336415812,0.15617798132884053,0.097222222222222224
resnet1d-seed2026,resnet1d,calibrated,MI,9,144,0.18768888773724213,0.26666390026144732,0.22316194753117541,0.2361111111111111
resnet1d-seed2026,resnet1d,calibrated,MI,10,144,0.27008853778501324,0.39476643531231692,0.3313070098338744,0.30555555555555558
resnet1d-seed2026,resnet1d,calibrated,MI,11,144,0.39546119055815304,0.56253343557236801,0.47567678415657549,0.54166666666666663
resnet1d-seed2026,resnet1d,calibrated,MI,12,144,0.56253343557236801,0.75972057231947221,0.65698656826087498,0.63888888888888884
resnet1d-seed2026,resnet1d,calibrated,MI,13,143,0.75972057231947221,0.90810126053211726,0.8383071973553835,0.79020979020979021
resnet1d-seed2026,resnet1d,calibrated,MI,14,143,0.91002368015533563,0.99938621685680928,0.96193144159895327,0.95104895104895104
resnet1d-seed2026,resnet1d,calibrated,STTC,0,144,0.00012631187754375057,0.0029087027018694007,0.0016219530128087614,0
resnet1d-seed2026,resnet1d,calibrated,STTC,1,144,0.0029087027018694007,0.0066932731281069925,0.0046510257108362688,0
resnet1d-seed2026,resnet1d,calibrated,STTC,2,144,0.0066932731281069925,0.010861922569757917,0.0087143817125028208,0
resnet1d-seed2026,resnet1d,calibrated,STTC,3,144,0.011114641826487174,0.0167953413185392,0.013811796123668162,0.013888888888888888
resnet1d-seed2026,resnet1d,calibrated,STTC,4,144,0.0167953413185392,0.025885121487621107,0.021134727585372198,0.020833333333333332
resnet1d-seed2026,resnet1d,calibrated,STTC,5,144,0.025885121487621107,0.039695749510889632,0.032729614006942041,0.041666666666666664
resnet1d-seed2026,resnet1d,calibrated,STTC,6,144,0.039695749510889632,0.066639043516276864,0.053046736998403871,0.055555555555555552
resnet1d-seed2026,resnet1d,calibrated,STTC,7,144,0.066639043516276864,0.10752720073316277,0.085898052350295323,0.083333333333333329
resnet1d-seed2026,resnet1d,calibrated,STTC,8,144,0.10864816280674183,0.16733539395921918,0.13745276156998709,0.097222222222222224
resnet1d-seed2026,resnet1d,calibrated,STTC,9,144,0.16733539395921918,0.25324464812145131,0.208127982087596,0.125
resnet1d-seed2026,resnet1d,calibrated,STTC,10,144,0.25324464812145131,0.39546119055815304,0.31788569675781897,0.27777777777777779
resnet1d-seed2026,resnet1d,calibrated,STTC,11,144,0.39546119055815304,0.57181018761072711,0.48378138063299542,0.4861111111111111
resnet1d-seed2026,resnet1d,calibrated,STTC,12,144,0.57181018761072711,0.74455010295260837,0.66050373787764805,0.6875
resnet1d-seed2026,resnet1d,calibrated,STTC,13,143,0.74565430218441453,0.87833097928212589,0.81240069458569086,0.81118881118881114
resnet1d-seed2026,resnet1d,calibrated,STTC,14,143,0.87833097928212589,0.99480963408863898,0.93630644040028255,0.93006993006993011
resnet1d-seed2026,resnet1d,calibrated,CD,0,144,0.00055929335801825826,0.011114641826487174,0.0071002811285660232,0.027777777777777776
resnet1d-seed2026,resnet1d,calibrated,CD,1,144,0.011114641826487174,0.01840252068041803,0.014739620533003638,0.013888888888888888
resnet1d-seed2026,resnet1d,calibrated,CD,2,144,0.01840252068041803,0.025885121487621107,0.022132880538982304,0.0069444444444444441
resnet1d-seed2026,resnet1d,calibrated,CD,3,144,0.025885121487621107,0.036297697610801365,0.030828362560458275,0.013888888888888888
resnet1d-seed2026,resnet1d,calibrated,CD,4,144,0.036297697610801365,0.046387940722362832,0.041306392183379025,0.0625
resnet1d-seed2026,resnet1d,calibrated,CD,5,144,0.046387940722362832,0.05976110521864357,0.052497809488860132,0.041666666666666664
resnet1d-seed2026,resnet1d,calibrated,CD,6,144,0.05976110521864357,0.078342389554020522,0.068394951721836378,0.048611111111111112
resnet1d-seed2026,resnet1d,calibrated,CD,7,144,0.079186097417577914,0.1020738746288187,0.089698137362007865,0.11805555555555555
resnet1d-seed2026,resnet1d,calibrated,CD,8,144,0.10314455653651057,0.13465160144150706,0.11671316113292256,0.041666666666666664
resnet1d-seed2026,resnet1d,calibrated,CD,9,144,0.13465160144150706,0.18416903341469995,0.15879004205018235,0.125
resnet1d-seed2026,resnet1d,calibrated,CD,10,144,0.18504417796370845,0.27238696122353251,0.22532825049851082,0.18055555555555555
resnet1d-seed2026,resnet1d,calibrated,CD,11,144,0.27238696122353251,0.42002510854672159,0.33568978850178227,0.34027777777777779
resnet1d-seed2026,resnet1d,calibrated,CD,12,144,0.42002510854672159,0.68044212127567683,0.54980783579219306,0.59722222222222221
resnet1d-seed2026,resnet1d,calibrated,CD,13,143,0.6867295672878132,0.93189984390251923,0.81994454523447335,0.84615384615384615
resnet1d-seed2026,resnet1d,calibrated,CD,14,143,0.93336095648372319,0.99979890254506709,0.97962595047498935,0.99300699300699302
resnet1d-seed2026,resnet1d,calibrated,HYP,0,144,0.0001749119527083923,0.0021514555247172415,0.0012299249039217949,0
resnet1d-seed2026,resnet1d,calibrated,HYP,1,144,0.0021514555247172415,0.0040235544576799117,0.0031091029074280072,0.013888888888888888
resnet1d-seed2026,resnet1d,calibrated,HYP,2,144,0.0040235544576799117,0.006540419872732614,0.0052162254665576819,0.0069444444444444441
resnet1d-seed2026,resnet1d,calibrated,HYP,3,144,0.006540419872732614,0.0094606948525057123,0.0080652704694948885,0.0069444444444444441
resnet1d-seed2026,resnet1d,calibrated,HYP,4,144,0.0094606948525057123,0.013666925044309219,0.011421980382458667,0
resnet1d-seed2026,resnet1d,calibrated,HYP,5,144,0.013666925044309219,0.018827344087188794,0.016157176974821323,0.020833333333333332
resnet1d-seed2026,resnet1d,calibrated,HYP,6,144,0.018827344087188794,0.025305152433791216,0.022041468240927866,0.020833333333333332
resnet1d-seed2026,resnet1d,calibrated,HYP,7,144,0.025305152433791216,0.03470536277102023,0.029934858786496488,0.034722222222222224
resnet1d-seed2026,resnet1d,calibrated,HYP,8,144,0.03470536277102023,0.05068092580004107,0.042341871599758191,0.041666666666666664
resnet1d-seed2026,resnet1d,calibrated,HYP,9,144,0.05068092580004107,0.072663366527342121,0.06128370659091395,0.069444444444444448
resnet1d-seed2026,resnet1d,calibrated,HYP,10,144,0.072663366527342121,0.11207279443995406,0.092475733841074687,0.0625
resnet1d-seed2026,resnet1d,calibrated,HYP,11,144,0.11207279443995406,0.17225239001806711,0.13829140595823888,0.16666666666666666
resnet1d-seed2026,resnet1d,calibrated,HYP,12,144,0.17391661699605551,0.29724446163389862,0.22846938401326872,0.22222222222222221
resnet1d-seed2026,resnet1d,calibrated,HYP,13,143,0.29724446163389862,0.55823665264455569,0.41332199480772147,0.41258741258741261
resnet1d-seed2026,resnet1d,calibrated,HYP,14,143,0.55823665264455569,0.99974626455305304,0.78301350238650802,0.74825174825174823
ecg_transformer-seed2026,ecg_transformer,raw,NORM,0,144,3.5356250741744308e-05,0.00053578053834739436,0.00029581104533713427,0
ecg_transformer-seed2026,ecg_transformer,raw,NORM,1,144,0.00055277863692359955,0.00154876109428798,0.00093206027659422904,0.0069444444444444441
ecg_transformer-seed2026,ecg_transformer,raw,NORM,2,144,0.00154876109428798,0.0037072528743862213,0.0024188584072149088,0
ecg_transformer-seed2026,ecg_transformer,raw,NORM,3,144,0.0037072528743862213,0.011331753531361453,0.0065162246689789436,0.013888888888888888
ecg_transformer-seed2026,ecg_transformer,raw,NORM,4,144,0.011331753531361453,0.041462272711409627,0.023428097143209037,0.055555555555555552
ecg_transformer-seed2026,ecg_transformer,raw,NORM,5,144,0.042087727915618843,0.12592276483513232,0.076437049661610898,0.16666666666666666
ecg_transformer-seed2026,ecg_transformer,raw,NORM,6,144,0.12678517317885901,0.36840569559471331,0.23631877811816487,0.2986111111111111
ecg_transformer-seed2026,ecg_transformer,raw,NORM,7,144,0.36840569559471331,0.62886337103727097,0.50732566199914109,0.5
ecg_transformer-seed2026,ecg_transformer,raw,NORM,8,144,0.62886337103727097,0.79818677773962121,0.71798234313961329,0.56944444444444442
ecg_transformer-seed2026,ecg_transformer,raw,NORM,9,144,0.79818677773962121,0.89029422612202913,0.84923628548174457,0.75694444444444442
ecg_transformer-seed2026,ecg_transformer,raw,NORM,10,144,0.89029422612202913,0.94250672119961432,0.92090843965472502,0.72916666666666663
ecg_transformer-seed2026,ecg_transformer,raw,NORM,11,144,0.94250672119961432,0.97520183980441433,0.96102097769074513,0.82638888888888884
ecg_transformer-seed2026,ecg_transformer,raw,NORM,12,144,0.97520183980441433,0.98636316471857011,0.98121057895267094,0.88194444444444442
ecg_transformer-seed2026,ecg_transformer,raw,NORM,13,143,0.98636316471857011,0.99265417342552287,0.98974764598038123,0.90209790209790208
ecg_transformer-seed2026,ecg_transformer,raw,NORM,14,143,0.99265417342552287,0.99640639741857984,0.99447724063361642,0.99300699300699302
ecg_transformer-seed2026,ecg_transformer,raw,MI,0,144,0.00033535013046647816,0.0021157034005931138,0.001344549046618741,0.0069444444444444441
ecg_transformer-seed2026,ecg_transformer,raw,MI,1,144,0.0021157034005931138,0.0037072528743862213,0.0028634454385873718,0
ecg_transformer-seed2026,ecg_transformer,raw,MI,2,144,0.0037072528743862213,0.0064882695966567046,0.0050728355430851363,0.020833333333333332
ecg_transformer-seed2026,ecg_transformer,raw,MI,3,144,0.0064882695966567046,0.011331753531361453,0.0087844138349161618,0.041666666666666664
ecg_transformer-seed2026,ecg_transformer,raw,MI,4,144,0.011331753531361453,0.019719128107346589,0.015268033667546331,0.055555555555555552
ecg_transformer-seed2026,ecg_transformer,raw,MI,5,144,0.019719128107346589,0.033589505650103976,0.026043038886291087,0.055555555555555552
ecg_transformer-seed2026,ecg_transformer,raw,MI,6,144,0.033589505650103976,0.057493278800385829,0.04472785841916406,0.076388888888888895
ecg_transformer-seed2026,ecg_transformer,raw,MI,7,144,0.057493278800385829,0.09009299396195182,0.072254631928873853,0.14583333333333334
ecg_transformer-seed2026,ecg_transformer,raw,MI,8,144,0.091382103067171358,0.15002882434242509,0.117519972877017,0.125
ecg_transformer-seed2026,ecg_transformer,raw,MI,9,144,0.15002882434242509,0.24798742624020276,0.19412824498953749,0.3125
ecg_transformer-seed2026,ecg_transformer,raw,MI,10,144,0.24798742624020276,0.38630031168442153,0.31263752952927987,0.33333333333333331
ecg_transformer-seed2026,ecg_transformer,raw,MI,11,144,0.38722678597789317,0.58082764457926961,0.47985237966724231,0.47222222222222221
ecg_transformer-seed2026,ecg_transformer,raw,MI,12,144,0.58272851966574035,0.79182107094258003,0.68820205105504884,0.52083333333333337
ecg_transformer-seed2026,ecg_transformer,raw,MI,13,143,0.7943849604299823,0.93991334982599239,0.87055155912510007,0.73426573426573427
ecg_transformer-seed2026,ecg_transformer,raw,MI,14,143,0.94078974925871406,0.9981897889737974,0.98055819586697579,0.93006993006993011
ecg_transformer-seed2026,ecg_transformer,raw,STTC,0,144,0.0002034269780552065,0.0010322310367548194,0.00070918315536562092,0.0069444444444444441
ecg_transformer-seed2026,ecg_transformer,raw,STTC,1,144,0.0010649626720559452,0.0016484829418512881,0.0013187457415257864,0.0069444444444444441
ecg_transformer-seed2026,ecg_transformer,raw,STTC,2,144,0.0016484829418512881,0.0025509124212867188,0.002032449350741402,0.0069444444444444441
ecg_transformer-seed2026,ecg_transformer,raw,STTC,3,144,0.0025509124212867188,0.0040701377158961268,0.0032143709463592972,0.013888888888888888
ecg_transformer-seed2026,ecg_transformer,raw,STTC,4,144,0.0040701377158961268,0.0071214287457351012,0.0053223044812299135,0.013888888888888888
ecg_transformer-seed2026,ecg_transformer,raw,STTC,5,144,0.0071214287457351012,0.012431650853185818,0.0095937688263086941,0.055555555555555552
ecg_transformer-seed2026,ecg_transformer,raw,STTC,6,144,0.012431650853185818,0.02194825371486785,0.017079216658957678,0.034722222222222224
ecg_transformer-seed2026,ecg_transformer,raw,STTC,7,144,0.022286185539225494,0.047425873177566788,0.034368161956455749,0.13194444444444445
ecg_transformer-seed2026,ecg_transformer,raw,STTC,8,144,0.047425873177566788,0.09009299396195182,0.06558597913742735,0.10416666666666667
ecg_transformer-seed2026,ecg_transformer,raw,STTC,9,144,0.09009299396195182,0.16344544110847189,0.12491312552877959,0.22222222222222221
ecg_transformer-seed2026,ecg_transformer,raw,STTC,10,144,0.16559311363082369,0.32167304821323783,0.24039748076083267,0.31944444444444442
ecg_transformer-seed2026,ecg_transformer,raw,STTC,11,144,0.3250918718866066,0.51061852039568267,0.40682920566198866,0.43055555555555558
ecg_transformer-seed2026,ecg_transformer,raw,STTC,12,144,0.51128958477128295,0.75491498686762826,0.64102585204800855,0.58333333333333337
ecg_transformer-seed2026,ecg_transformer,raw,STTC,13,143,0.75491498686762826,0.90465053510089055,0.83995461452087783,0.82517482517482521
ecg_transformer-seed2026,ecg_transformer,raw,STTC,14,143,0.90861789693282868,0.98636316471857011,0.95057229015543476,0.87412587412587417
ecg_transformer-seed2026,ecg_transformer,raw,CD,0,144,0.0016484829418512881,0.0059110688562437957,0.0041065152612297165,0.048611111111111112
ecg_transformer-seed2026,ecg_transformer,raw,CD,1,144,0.0059110688562437957,0.0091256373891805201,0.0075011507209334048,0.0069444444444444441
ecg_transformer-seed2026,ecg_transformer,raw,CD,2,144,0.0091256373891805201,0.013222821752305148,0.011070130031084362,0.041666666666666664
ecg_transformer-seed2026,ecg_transformer,raw,CD,3,144,0.013222821752305148,0.017986209962091555,0.015300623471929021,0.048611111111111112
ecg_transformer-seed2026,ecg_transformer,raw,CD,4,144,0.017986209962091555,0.025565213923269593,0.021573274142691595,0.048611111111111112
ecg_transformer-seed2026,ecg_transformer,raw,CD,5,144,0.025565213923269593,0.034618838839175832,0.029894271040182281,0.055555555555555552
ecg_transformer-seed2026,ecg_transformer,raw,CD,6,144,0.035144846400793267,0.048857778622174906,0.041794190852965221,0.090277777777777776
ecg_transformer-seed2026,ecg_transformer,raw,CD,7,144,0.048857778622174906,0.072636706360786965,0.060411503588224572,0.076388888888888895
ecg_transformer-seed2026,ecg_transformer,raw,CD,8,144,0.072636706360786965,0.10818895456207035,0.08933252259155211,0.10416666666666667
ecg_transformer-seed2026,ecg_transformer,raw,CD,9,144,0.10818895456207035,0.1581743527484317,0.12926711055098017,0.1388888888888889
ecg_transformer-seed2026,ecg_transformer,raw,CD,10,144,0.15921740814605373,0.26588047309981688,0.20654045816030564,0.2638888888888889
ecg_transformer-seed2026,ecg_transformer,raw,CD,11,144,0.26740816618822555,0.4712232429912917,0.35563275451985976,0.27083333333333331
ecg_transformer-seed2026,ecg_transformer,raw,CD,12,144,0.47268347662043286,0.74017436203901632,0.58964859901160527,0.49305555555555558
ecg_transformer-seed2026,ecg_transformer,raw,CD,13,143,0.74613899303075104,0.97997655871054468,0.8914974988874248,0.77622377622377625
ecg_transformer-seed2026,ecg_transformer,raw,CD,14,143,0.97997655871054468,0.99875515669791159,0.99354080522811861,0.99300699300699302
ecg_transformer-seed2026,ecg_transformer,raw,HYP,0,144,0.0002305067219931397,0.00075540563272952763,0.00055784332642154879,0.0069444444444444441
ecg_transformer-seed2026,ecg_transformer,raw,HYP,1,144,0.00075540563272952763,0.0011695102650555148,0.00095795549035348094,0
ecg_transformer-seed2026,ecg_transformer,raw,HYP,2,144,0.0011695102650555148,0.0015978454940173438,0.0013522383865901524,0
ecg_transformer-seed2026,ecg_transformer,raw,HYP,3,144,0.0015978454940173438,0.0021827164453451808,0.0018528733375098366,0.0069444444444444441
ecg_transformer-seed2026,ecg_transformer,raw,HYP,4,144,0.0021827164453451808,0.0029810327298548972,0.002583907054259935,0.020833333333333332
ecg_transformer-seed2026,ecg_transformer,raw,HYP,5,144,0.0029810327298548972,0.0046095721793742083,0.0036927556206658055,0.034722222222222224
ecg_transformer-seed2026,ecg_transformer,raw,HYP,6,144,0.0046095721793742083,0.0066928509242848563,0.0054412516260818038,0.034722222222222224
ecg_transformer-seed2026,ecg_transformer,raw,HYP,7,144,0.0066928509242848563,0.010328152519305191,0.0085339521901430637,0.055555555555555552
ecg_transformer-seed2026,ecg_transformer,raw,HYP,8,144,0.010328152519305191,0.016914913266726509,0.013576102235355075,0.090277777777777776
ecg_transformer-seed2026,ecg_transformer,raw,HYP,9,144,0.016914913266726509,0.025957357197796849,0.021062693823847969,0.10416666666666667
ecg_transformer-seed2026,ecg_transformer,raw,HYP,10,144,0.025957357197796849,0.043365798763906768,0.033732278190944064,0.090277777777777776
ecg_transformer-seed2026,ecg_transformer,raw,HYP,11,144,0.043365798763906768,0.07585818002124356,0.05985514896006635,0.15277777777777779
ecg_transformer-seed2026,ecg_transformer,raw,HYP,12,144,0.076960835696026131,0.13846179056896438,0.10237888426254221,0.15972222222222221
ecg_transformer-seed2026,ecg_transformer,raw,HYP,13,143,0.13939637966532398,0.32766830082071391,0.21008526239019476,0.34265734265734266
ecg_transformer-seed2026,ecg_transformer,raw,HYP,14,143,0.32852943326430267,0.99426975348500801,0.6607991180061813,0.72727272727272729
ecg_transformer-seed2026,ecg_transformer,calibrated,NORM,0,144,0.00078926578385527077,0.0052262736201190169,0.0033671122837682929,0
ecg_transformer-seed2026,ecg_transformer,calibrated,NORM,1,144,0.0053407323047050658,0.010896904560329835,0.0075976007753798258,0.0069444444444444441
ecg_transformer-seed2026,ecg_transformer,calibrated,NORM,2,144,0.010896904560329835,0.019869520742175201,0.014720932378713331,0
ecg_transformer-seed2026,ecg_transformer,calibrated,NORM,3,144,0.019869520742175201,0.042515405049567918,0.028875743025566399,0.013888888888888888
ecg_transformer-seed2026,ecg_transformer,calibrated,NORM,4,144,0.042515405049567918,0.10075878373735087,0.068078089263556407,0.055555555555555552
ecg_transformer-seed2026,ecg_transformer,calibrated,NORM,5,144,0.10174975586795405,0.20581838606282632,0.14779669228443904,0.16666666666666666
ecg_transformer-seed2026,ecg_transformer,calibrated,NORM,6,144,0.20670980837132441,0.40716603512324884,0.30285090792974134,0.2986111111111111
ecg_transformer-seed2026,ecg_transformer,calibrated,NORM,7,144,0.40716603512324884,0.59086105499249586,0.50514745615953272,0.5
ecg_transformer-seed2026,ecg_transformer,calibrated,NORM,8,144,0.59086105499249586,0.72277934412143907,0.65843514408996584,0.56944444444444442
ecg_transformer-seed2026,ecg_transformer,calibrated,NORM,9,144,0.72277934412143907,0.8114125239956127,0.77017746949841681,0.75694444444444442
ecg_transformer-seed2026,ecg_transformer,calibrated,NORM,10,144,0.8114125239956127,0.87536477172746929,0.84760129956126506,0.72916666666666663
ecg_transformer-seed2026,ecg_transformer,calibrated,NORM,11,144,0.87536477172746929,0.92818051528363477,0.9039230356283332,0.82638888888888884
ecg_transformer-seed2026,ecg_transformer,calibrated,NORM,12,144,0.92818051528363477,0.95183537269630858,0.94051205929731785,0.88194444444444442
ecg_transformer-seed2026,ecg_transformer,calibrated,NORM,13,143,0.95183537269630858,0.96830394078648085,0.96042594876770981,0.90209790209790208
ecg_transformer-seed2026,ecg_transformer,calibrated,NORM,14,143,0.96830394078648085,0.98055021974981615,0.97400478836230731,0.99300699300699302
ecg_transformer-seed2026,ecg_transformer,calibrated,MI,0,144,0.0037752487239595431,0.013512618556181527,0.0097355576236406935,0.0069444444444444441
ecg_transformer-seed2026,ecg_transformer,calibrated,MI,1,144,0.013512618556181527,0.019869520742175201,0.016588983223818406,0
ecg_transformer-seed2026,ecg_transformer,calibrated,MI,2,144,0.019869520742175201,0.029128672118491381,0.024553822179160901,0.020833333333333332
ecg_transformer-seed2026,ecg_transformer,calibrated,MI,3,144,0.029128672118491381,0.042515405049567918,0.035698300192694238,0.041666666666666664
ecg_transformer-seed2026,ecg_transformer,calibrated,MI,4,144,0.042515405049567918,0.061663563759931025,0.051806851389957789,0.055555555555555552
ecg_transformer-seed2026,ecg_transformer,calibrated,MI,5,144,0.061663563759931025,0.087761609513485536,0.073977757138520339,0.055555555555555552
ecg_transformer-seed2026,ecg_transformer,calibrated,MI,6,144,0.087761609513485536,0.12463522827253073,0.10553003507409647,0.076388888888888895
ecg_transformer-seed2026,ecg_transformer,calibrated,MI,7,144,0.12463522827253073,0.16635690150292465,0.14413616308956792,0.14583333333333334
ecg_transformer-seed2026,ecg_transformer,calibrated,MI,8,144,0.16787259653659495,0.22992187181867624,0.196502441168145,0.125
ecg_transformer-seed2026,ecg_transformer,calibrated,MI,9,144,0.22992187181867624,0.31579464447873706,0.26988185245007251,0.3125
ecg_transformer-seed2026,ecg_transformer,calibrated,MI,10,144,0.31579464447873706,0.4200407242175983,0.36551040788999134,0.33333333333333331
ecg_transformer-seed2026,ecg_transformer,calibrated,MI,11,144,0.42070406631724011,0.55658695160195137,0.48585150876544325,0.47222222222222221
ecg_transformer-seed2026,ecg_transformer,calibrated,MI,12,144,0.55793030725696946,0.71729151318222606,0.63584094540939684,0.52083333333333337
ecg_transformer-seed2026,ecg_transformer,calibrated,MI,13,143,0.71949453198789237,0.87175661836718799,0.79327158402215658,0.73426573426573427
ecg_transformer-seed2026,ecg_transformer,calibrated,MI,14,143,0.87296912942548632,0.98786465212858821,0.94392742170099997,0.93006993006993011
ecg_transformer-seed2026,ecg_transformer,calibrated,STTC,0,144,0.002667411486951347,0.0082320751953084987,0.0062855461032505786,0.0069444444444444441
ecg_transformer-seed2026,ecg_transformer,calibrated,STTC,1,144,0.008411806178349697,0.011376529108373248,0.0097336349634774642,0.0069444444444444441
ecg_transformer-seed2026,ecg_transformer,calibrated,STTC,2,144,0.011376529108373248,0.015369965759934406,0.013121636335725039,0.0069444444444444441
ecg_transformer-seed2026,ecg_transformer,calibrated,STTC,3,144,0.015369965759934406,0.021182687460077631,0.017976854506898669,0.013888888888888888
ecg_transformer-seed2026,ecg_transformer,calibrated,STTC,4,144,0.021182687460077631,0.031034395581487829,0.025377529470968028,0.013888888888888888
ecg_transformer-seed2026,ecg_transformer,calibrated,STTC,5,144,0.031034395581487829,0.045256121058662759,0.037881545384478292,0.055555555555555552
ecg_transformer-seed2026,ecg_transformer,calibrated,STTC,6,144,0.045256121058662759,0.066224366969853635,0.055839025321832408,0.034722222222222224
ecg_transformer-seed2026,ecg_transformer,calibrated,STTC,7,144,0.066900958784282649,0.10999276687213934,0.0885924708153569,0.13194444444444445
ecg_transformer-seed2026,ecg_transformer,calibrated,STTC,8,144,0.10999276687213934,0.16635690150292465,0.13513339631908783,0.10416666666666667
ecg_transformer-seed2026,ecg_transformer,calibrated,STTC,9,144,0.16635690150292465,0.24269333758823469,0.20404988860913392,0.22222222222222221
ecg_transformer-seed2026,ecg_transformer,calibrated,STTC,10,144,0.24470038807092132,0.37285659933739801,0.30835974621898377,0.31944444444444442
ecg_transformer-seed2026,ecg_transformer,calibrated,STTC,11,144,0.37540648370452701,0.5074010261137909,0.43431797093113583,0.43055555555555558
ecg_transformer-seed2026,ecg_transformer,calibrated,STTC,12,144,0.50786883211325506,0.68655353359223215,0.60082469588492926,0.58333333333333337
ecg_transformer-seed2026,ecg_transformer,calibrated,STTC,13,143,0.68655353359223215,0.82751418336116156,0.76268963648548072,0.82517482517482521
ecg_transformer-seed2026,ecg_transformer,calibrated,STTC,14,143,0.83212740346340497,0.95183537269630858,0.88978878322255639,0.87412587412587417
ecg_transformer-seed2026,ecg_transformer,calibrated,CD,0,144,0.011376529108373248,0.027336671549659516,0.021104743025113292,0.048611111111111112
ecg_transformer-seed2026,ecg_transformer,calibrated,CD,1,144,0.027336671549659516,0.036724391735400076,0.032094535969626109,0.0069444444444444441
ecg_transformer-seed2026,ecg_transformer,calibrated,CD,2,144,0.036724391735400076,0.047175927247308222,0.041789226418699678,0.041666666666666664
ecg_transformer-seed2026,ecg_transformer,calibrated,CD,3,144,0.047175927247308222,0.057989562938865036,0.051996478502071487,0.048611111111111112
ecg_transformer-seed2026,ecg_transformer,calibrated,CD,4,144,0.057989562938865036,0.073284933963383925,0.065385056749960591,0.048611111111111112
ecg_transformer-seed2026,ecg_transformer,calibrated,CD,5,144,0.073284933963383925,0.089520977952212005,0.081182556400670514,0.055555555555555552
ecg_transformer-seed2026,ecg_transformer,calibrated,CD,6,144,0.090412537722815281,0.11214301913917843,0.10116753442476498,0.090277777777777776
ecg_transformer-seed2026,ecg_transformer,calibrated,CD,7,144,0.11214301913917843,0.14491979720285744,0.12848984006478281,0.076388888888888895
ecg_transformer-seed2026,ecg_transformer,calibrated,CD,8,144,0.14491979720285744,0.18692676381084097,0.16519251403664933,0.10416666666666667
ecg_transformer-seed2026,ecg_transformer,calibrated,CD,9,144,0.18692676381084097,0.23772483212536336,0.20895578674165527,0.1388888888888889
ecg_transformer-seed2026,ecg_transformer,calibrated,CD,10,144,0.23871290792173364,0.33007895280667393,0.28050682711878722,0.2638888888888889
ecg_transformer-seed2026,ecg_transformer,calibrated,CD,11,144,0.33128406297754698,0.47993297155694087,0.39710449379282747,0.27083333333333331
ecg_transformer-seed2026,ecg_transformer,calibrated,CD,12,144,0.4809523150082608,0.67471909385429152,0.5637922025033818,0.49305555555555558
ecg_transformer-seed2026,ecg_transformer,calibrated,CD,13,143,0.67948076470868202,0.93770333194443645,0.82221813106052832,0.77622377622377625
ecg_transformer-seed2026,ecg_transformer,calibrated,CD,14,143,0.93770333194443645,0.99062950854706278,0.97223312152149333,0.99300699300699302
ecg_transformer-seed2026,ecg_transformer,calibrated,HYP,0,144,0.002909505227557748,0.0066316741929529433,0.0053407775214292562,0.0069444444444444441
ecg_transformer-seed2026,ecg_transformer,calibrated,HYP,1,144,0.0066316741929529433,0.008974671955964143,0.0078041442050472204,0
ecg_transformer-seed2026,ecg_transformer,calibrated,HYP,2,144,0.008974671955964143,0.01113416361398775,0.0099127533859750538,0
ecg_transformer-seed2026,ecg_transformer,calibrated,HYP,3,144,0.01113416361398775,0.013806034785454207,0.012320451677477695,0.0069444444444444441
ecg_transformer-seed2026,ecg_transformer,calibrated,HYP,4,144,0.013806034785454207,0.017107983665631269,0.015492140936486647,0.020833333333333332
ecg_transformer-seed2026,ecg_transformer,calibrated,HYP,5,144,0.017107983665631269,0.023066358631110014,0.019787675992167613,0.034722222222222224
ecg_transformer-seed2026,ecg_transformer,calibrated,HYP,6,144,0.023066358631110014,0.029750952609384495,0.025801548995362432,0.034722222222222224
ecg_transformer-seed2026,ecg_transformer,calibrated,HYP,7,144,0.029750952609384495,0.03993372481912337,0.035029543201070115,0.055555555555555552
ecg_transformer-seed2026,ecg_transformer,calibrated,HYP,8,144,0.03993372481912337,0.05565540416375897,0.047908700835262136,0.090277777777777776
ecg_transformer-seed2026,ecg_transformer,calibrated,HYP,9,144,0.05565540416375897,0.074027942430347785,0.064326413470680799,0.10416666666666667
ecg_transformer-seed2026,ecg_transformer,calibrated,HYP,10,144,0.074027942430347785,0.1037576513870665,0.087762904471544806,0.090277777777777776
ecg_transformer-seed2026,ecg_transformer,calibrated,HYP,11,144,0.1037576513870665,0.14901521707812154,0.12751580538635041,0.15277777777777779
ecg_transformer-seed2026,ecg_transformer,calibrated,HYP,12,144,0.15040141607472263,0.21855785068445194,0.17982379567836482,0.15972222222222221
ecg_transformer-seed2026,ecg_transformer,calibrated,HYP,13,143,0.21948919994360927,0.37732345062755868,0.28248712403971227,0.34265734265734266
ecg_transformer-seed2026,ecg_transformer,calibrated,HYP,14,143,0.37796329667413098,0.97323650400340644,0.63690187141558163,0.72727272727272729
